step,total,content,style,tv,sec
0,28.468894958496094,0.0,0.0005673232953995466,0.10272934287786484,0.0
1,4.367911338806152,0.5878662467002869,7.27331280359067e-05,0.1433887779712677,7.0646374225616455
2,2.570686101913452,0.4331080913543701,3.968130477005616e-05,0.15351277589797974,12.896604776382446
3,1.8552510738372803,0.3564806878566742,2.6801362764672376e-05,0.1587022840976715,18.527852058410645
4,1.4334391355514526,0.31916317343711853,1.9039760445593856e-05,0.1622879058122635,24.40164017677307
5,1.1734435558319092,0.2748652696609497,1.472691019444028e-05,0.16223271191120148,30.07152223587036
6,1.047274112701416,0.2449454516172409,1.2871622857346665e-05,0.15874749422073364,35.71907591819763
7,0.9766985177993774,0.22672632336616516,1.1902291589649394e-05,0.1548576056957245,41.47856402397156
8,0.9285225868225098,0.2138824611902237,1.1267597074038349e-05,0.15126028656959534,47.02551007270813
9,0.8917638063430786,0.20467275381088257,1.0780197953863535e-05,0.14808115363121033,52.77134323120117
10,0.864162266254425,0.19723515212535858,1.0427213965158444e-05,0.1455664038658142,58.238688230514526
11,0.842769205570221,0.19210784137248993,1.0148519322683569e-05,0.14323538541793823,63.84881949424744
12,0.8250227570533752,0.18853504955768585,9.905452316161245e-06,0.14121508598327637,69.39559841156006
13,0.8097003698348999,0.1846018135547638,9.708104698802345e-06,0.13969330489635468,74.91874814033508
14,0.7969733476638794,0.18203075230121613,9.52887421590276e-06,0.13849890232086182,80.4154884815216
15,0.7854313254356384,0.17941375076770782,9.37241202336736e-06,0.13739700615406036,85.91203093528748
16,0.7747603058815002,0.17725305259227753,9.222873813996557e-06,0.13636356592178345,91.38203978538513
17,0.765177309513092,0.1755261868238449,9.089028935704846e-06,0.1351996660232544,97.0655107498169
18,0.7568422555923462,0.17361409962177277,8.982501640275586e-06,0.13410305976867676,103.33003783226013
19,0.749845027923584,0.1721741259098053,8.891146535461303e-06,0.1331135630607605,109.28081178665161
20,0.7437858581542969,0.1710481494665146,8.80945117387455e-06,0.13226518034934998,115.26770758628845
21,0.7382824420928955,0.17024651169776917,8.728826287551783e-06,0.13159465789794922,120.90592551231384
22,0.7331695556640625,0.16960646212100983,8.649975825392175e-06,0.13106432557106018,126.55037760734558
23,0.7282236218452454,0.16849839687347412,8.58214025356574e-06,0.13061821460723877,132.12347865104675
24,0.7236452698707581,0.16766466200351715,8.51427648740355e-06,0.13026677072048187,138.02028727531433
25,0.7192179560661316,0.16677576303482056,8.45157956064213e-06,0.1298631876707077,143.58198714256287
26,0.7149876356124878,0.16604501008987427,8.390269613300916e-06,0.12942913174629211,149.63743495941162
27,0.7111411094665527,0.16504724323749542,8.340866770595312e-06,0.12905052304267883,155.61996459960938
28,0.7075665593147278,0.164415642619133,8.291498488688376e-06,0.12857598066329956,161.69594430923462
29,0.7043195962905884,0.16405023634433746,8.24227390694432e-06,0.1281556785106659,167.71272945404053
30,0.7012317776679993,0.16335898637771606,8.203089237213135e-06,0.12771832942962646,173.90881323814392
31,0.698357105255127,0.16296295821666718,8.16130886960309e-06,0.12732866406440735,180.1052212715149
32,0.6955599784851074,0.16222821176052094,8.12759026302956e-06,0.12695224583148956,186.3175356388092
33,0.6929250359535217,0.16189807653427124,8.090468327281997e-06,0.12650351226329803,192.38545608520508
34,0.6906212568283081,0.1616310477256775,8.056754268181976e-06,0.12615254521369934,199.35785627365112
35,0.6884994506835938,0.16112485527992249,8.031211109482683e-06,0.12581411004066467,206.49399256706238
36,0.6865555047988892,0.16084504127502441,8.004450137377717e-06,0.12548790872097015,213.30115294456482
37,0.6846469640731812,0.16055235266685486,7.977067070896737e-06,0.12524129450321198,219.9906029701233
38,0.6828052997589111,0.16036656498908997,7.94957213656744e-06,0.12496010959148407,226.82484793663025
39,0.6811302304267883,0.1600302755832672,7.927751539682504e-06,0.12471240758895874,233.81607508659363
40,0.6795502305030823,0.15965284407138824,7.907252438599244e-06,0.12453480064868927,240.66359329223633
41,0.6780136823654175,0.15936264395713806,7.885256309236865e-06,0.12438821792602539,247.52916526794434
42,0.6764650344848633,0.15900066494941711,7.864310646255035e-06,0.12424886226654053,254.4396460056305
43,0.6749361753463745,0.15882770717144012,7.841004844522104e-06,0.12405824661254883,261.38622975349426
44,0.6734692454338074,0.15864644944667816,7.81841572461417e-06,0.12390201538801193,268.4527862071991
45,0.6720114946365356,0.15824642777442932,7.802678737789392e-06,0.12363110482692719,275.3261499404907
46,0.6706928610801697,0.15812355279922485,7.783416549500544e-06,0.12339849025011063,282.2010817527771
47,0.6694946885108948,0.15785890817642212,7.7690820035059e-06,0.12318162620067596,289.22703671455383
48,0.6683951020240784,0.15772747993469238,7.753104000585154e-06,0.12301240116357803,296.3578221797943
49,0.6673059463500977,0.15745972096920013,7.740407454548404e-06,0.12282587587833405,303.21565103530884
50,0.6662760376930237,0.1573057621717453,7.725926479906775e-06,0.12267392873764038,310.3316955566406
51,0.6652559638023376,0.15709766745567322,7.711526450293604e-06,0.12258203327655792,317.480268239975
52,0.6642464399337769,0.1568768322467804,7.698107765463647e-06,0.12246420234441757,324.63063049316406
53,0.6632786989212036,0.15671415627002716,7.683257535973098e-06,0.12240166962146759,331.7061131000519
54,0.6622869968414307,0.15656812489032745,7.667736099392641e-06,0.12233209609985352,338.59692430496216
55,0.6612696647644043,0.1563534438610077,7.653543434571475e-06,0.12223903089761734,345.5040371417999
56,0.6602824926376343,0.1561421900987625,7.639337127329782e-06,0.12217339873313904,352.3491859436035
57,0.6592711806297302,0.15595769882202148,7.6258556873654015e-06,0.1220206767320633,359.2071125507355
58,0.6583365201950073,0.15581579506397247,7.612563877046341e-06,0.1218925416469574,366.5179567337036
59,0.6574600338935852,0.1556001454591751,7.603030098835006e-06,0.12170838564634323,374.0461542606354
60,0.65665203332901,0.1554599106311798,7.592113888676977e-06,0.12158645689487457,380.2555959224701
61,0.6558838486671448,0.1552586406469345,7.582555554108694e-06,0.12149746716022491,386.01640033721924
62,0.6551064252853394,0.15521195530891418,7.569632543891203e-06,0.12141288816928864,391.9218945503235
63,0.6543418169021606,0.15500403940677643,7.559906407550443e-06,0.12134246528148651,397.72165274620056
64,0.6535584926605225,0.15490907430648804,7.547554560005665e-06,0.12127174437046051,403.28350138664246
65,0.6527870297431946,0.15477290749549866,7.536514658568194e-06,0.12118840962648392,408.8738396167755
66,0.6520482897758484,0.1546904444694519,7.525180990342051e-06,0.12109880149364471,414.4227612018585
67,0.6513964533805847,0.1545456200838089,7.515242941735778e-06,0.1210886612534523,419.9753894805908
68,0.6507323980331421,0.15441995859146118,7.505377197958296e-06,0.12104356288909912,425.5214512348175
69,0.6500325798988342,0.15427277982234955,7.4955546551791485e-06,0.12098204344511032,431.015638589859
70,0.6493570804595947,0.154252290725708,7.483332410629373e-06,0.12093815952539444,436.60954689979553
71,0.6487154960632324,0.15404722094535828,7.474885478586657e-06,0.12092401087284088,442.3430027961731
72,0.648079514503479,0.15394200384616852,7.4637764555518515e-06,0.12094864249229431,447.902179479599
73,0.6473742723464966,0.15371045470237732,7.454545084328856e-06,0.1209365725517273,453.84920740127563
74,0.6467578411102295,0.15360502898693085,7.44435919841635e-06,0.1209348738193512,460.2338161468506
75,0.6462876796722412,0.15341928601264954,7.438909051415976e-06,0.12092295289039612,467.2460865974426
76,0.6455592513084412,0.15335437655448914,7.427150194416754e-06,0.12084739655256271,473.5214238166809
77,0.6447664499282837,0.15316464006900787,7.417346296278993e-06,0.12073451280593872,479.35880160331726
78,0.6440308094024658,0.15299494564533234,7.407830707961693e-06,0.12064431607723236,485.1404206752777
79,0.6433171033859253,0.15299373865127563,7.3955943662440404e-06,0.12054368853569031,490.668425321579
80,0.6426109671592712,0.1528063267469406,7.387798177660443e-06,0.12041473388671875,496.611736536026
